,Pclass,Sex,Age,SibSp,Parch,Fare,Embarked_C,Embarked_S,Survived
796,1,1,0.4753453958712201,0,0,-0.21370618231414545,0,1,1
635,2,1,0.5577350926192672,0,0,-0.37916478933282177,0,1,1
306,1,1,-1.7513087977711534,0,0,1.5550356562026126,1,0,1
326,3,0,0.8704709337956235,0,0,-1.5130004651597933,0,1,0
14,3,1,0.43349974731646324,0,0,-0.13717584332544275,0,1,0
764,3,0,0.5307379295514604,0,0,-0.32252373578921306,0,1,0
546,2,1,-0.5713158438459975,1,0,0.9921401480143087,0,1,1
45,3,0,0.7649019494440212,0,0,-0.9453923259364677,0,1,0
860,3,0,0.6951279485583468,2,0,-0.7190143065249359,0,1,0
69,3,0,0.7063315004645221,2,0,-0.7519902883928286,0,1,0
225,3,0,0.6051846906201622,0,0,-0.48556155336372187,0,1,0
658,2,0,0.42792270937889354,0,0,-0.12730453717355905,0,1,0
262,1,0,-0.7257110969445122,1,1,1.0984917748381768,0,1,0
121,3,0,0.7649019494440212,0,0,-0.9453923259364677,0,1,0
692,3,0,-1.015488500936712,0,0,1.2681774086975828,0,1,1
478,3,0,0.697454588660114,0,0,-0.7257755811991407,0,1,0
390,1,0,-1.6493492816063464,1,2,1.526189490699078,0,1,1
239,2,0,0.665480687995715,0,0,-0.6364678682127607,0,1,0
701,1,0,0.17512945105322697,0,0,0.2578413840248037,0,1,1
224,1,0,-1.2873883916753361,1,0,1.3963410236027303,0,1,1
98,2,1,0.27733352077418555,0,1,0.11499250507242162,0,1,1
525,3,0,0.8254727870982356,0,0,-1.2069021075638255,0,0,0
674,2,0,0.8889468793960225,0,0,-1.874122563694084,0,1,0
386,3,0,-2.5968871701784835,5,2,1.675100750678926,0,1,0
695,2,0,0.7746610491092273,0,0,-0.9820527996556793,0,1,0
129,3,0,0.8469170577936929,0,0,-1.3303610792681013,0,1,0
410,3,0,0.7693743517902264,0,0,-0.9619972974782922,0,1,0
249,2,0,0.536338535848456,1,0,-0.33406409937982257,0,1,0
791,2,0,-0.8061041181125558,0,0,1.1492900166424622,0,1,0
589,3,0,0.7649019494440212,0,0,-0.9453923259364677,0,1,0
813,3,1,-2.0017401376580084,4,2,1.6123276194719776,0,1,0
556,1,1,0.07463325058505245,1,0,0.38505602201582223,1,0,1
751,3,0,-1.1290202581842388,0,1,1.325109812179869,0,1,1
656,3,0,0.7693743517902264,0,0,-0.9619972974782922,0,1,0
388,3,0,0.7741282647075542,0,0,-0.9800098492861827,0,0,0
280,3,0,0.8638966982280488,0,0,-1.4538266707504859,0,0,0
210,3,0,0.7445564362541406,0,0,-0.8735762507210545,0,1,0
334,1,1,-1.9001811697156525,1,0,1.5913756376943804,0,1,1
524,3,0,0.7878974015579612,0,0,-1.0345092043439943,1,0,0
830,3,1,-0.10803911963965124,1,0,0.5891887373784195,1,0,1
615,2,1,-1.4391121031870364,1,2,1.4561480693188642,0,1,1
142,3,1,0.299295739284736,1,0,0.08224350301106187,0,1,1
174,1,0,0.4505084399342621,0,0,-0.1677454830056033,1,0,0
42,3,0,0.7693743517902264,0,0,-0.9619972974782922,1,0,0
295,1,0,-0.06904084734541482,0,0,0.5482035192708453,1,0,0
187,1,0,0.3948211990823436,0,0,-0.0701788554547675,0,1,1
163,3,0,0.5006953772868697,0,0,-0.26235886065209707,0,1,0
442,3,0,0.7282647033528703,1,0,-0.8198708069852386,0,1,0
616,3,0,0.6069183715615533,1,1,-0.48963441614270287,0,1,0
408,3,0,0.6673667496940344,0,0,-0.6415334341985371,0,1,0
161,2,1,0.6412922433029464,0,0,-0.5734911030148352,0,1,1
310,1,1,-1.685176799013966,0,0,1.536698599341127,1,0,1
776,3,0,0.7735392096631345,0,0,-0.9777569163234221,0,0,0
889,1,0,-0.34010790325794593,0,0,0.8085963564598372,1,0,1
427,2,1,-0.5713158438459975,0,0,0.9921401480143087,0,1,1
439,2,0,0.7006885159465684,0,0,-0.7352479675498845,0,1,0
204,3,0,0.5786035420043368,0,0,-0.4248055848774768,0,1,1
459,3,0,0.7735392096631345,0,0,-0.9777569163234221,0,0,0
91,3,0,0.6424662766083418,0,0,-0.5764668855108591,0,1,0
344,2,0,0.6772141066404894,0,0,-0.6683745254429988,0,1,0
518,2,1,0.21463163073857078,1,0,0.20438647149138864,0,1,1
422,3,0,0.7644677050007914,0,0,-0.943797001672049,0,1,0
248,1,0,-0.6223985484428532,1,1,1.0286619868896332,0,1,1
25,3,1,0.07330247707670182,1,5,0.38666280751028553,0,1,1
557,1,0,-2.211803509926593,0,0,1.64604509319915,1,0,0
105,3,0,0.7552539407264118,0,0,-0.9106157478917407,0,1,0
300,3,1,0.7735392096631345,0,0,-0.9777569163234221,0,0,1
80,3,0,0.6237629679047085,0,0,-0.529964599606312,0,1,0
172,3,1,-2.3541768254557636,1,1,1.6616731461613634,0,1,1
858,3,1,0.10515922893254305,0,3,0.3476623530529493,1,0,1
349,3,0,0.8155242677431666,0,0,-1.1570224141394392,0,1,0
723,2,0,0.77433835465332,0,0,-0.9808148390556984,0,1,0
192,3,1,0.618794459435061,1,0,-0.5179224212050434,0,1,1
219,2,0,0.6889837899414305,0,0,-0.7013686429583172,0,1,0
435,1,1,-2.260074334072113,1,2,1.6519913852908712,0,1,1
780,3,1,0.4400156633722549,0,0,-0.14880317805473742,1,0,1
258,1,1,-2.430056175920311,0,0,1.667652331084636,1,0,1
799,3,1,0.1016741511154713,1,1,0.3519842894980721,0,1,0
876,3,0,0.5227158567778221,0,0,-0.3061763779153023,0,1,0
104,3,0,0.8099532542890526,2,0,-1.1306083714132675,0,1,0
383,1,1,-0.6840107327578241,1,0,1.0709388341102841,0,1,1
805,3,0,0.7819450684916389,0,0,-1.0105004932614117,0,1,0
681,1,0,-1.4905384255656375,0,0,1.4746279862214349,1,0,1
846,3,0,-1.2740668612935837,8,2,1.3907030895931798,0,1,0
793,1,0,-0.19616876876190223,0,0,0.6772063743022713,1,0,0
3,1,1,-0.7126404949634402,1,0,1.0899458233641428,0,1,1
619,2,0,0.6297997277773555,0,0,-0.5447675009542058,0,1,0
666,2,0,0.48724013545504774,0,0,-0.23630650462777295,0,1,0
808,2,0,0.7061690767128732,0,0,-0.7515045051673169,0,1,0
66,2,1,0.6761881424668874,0,0,-0.6655465011516319,0,1,1
467,1,0,0.5455573230869609,0,0,-0.3532952350889137,0,1,0
533,3,1,0.17272872966934888,0,2,0.261023534782594,1,0,1
250,3,0,0.787339763485526,0,0,-1.0322291313425689,0,1,0
108,3,0,0.8144620366866591,0,0,-1.151908183409677,0,1,0
859,3,0,0.7878974015579612,0,0,-1.0345092043439943,1,0,0
864,2,0,0.4590137721528865,0,0,-0.1833030943646085,0,1,0
576,2,1,0.6540553088354412,0,0,-0.6062738416877386,0,1,1
671,1,0,-0.8489623668830746,1,0,1.1751649694952524,0,1,0
269,1,1,-1.7828590357339589,0,0,1.5633041246939223,0,1,1
244,3,0,0.7899411545790964,0,0,-1.042922353514265,1,0,0
152,3,0,0.8520615912085533,0,0,-1.364540709559382,0,1,0
337,1,1,-1.6342538348574172,0,0,1.5216394400232442,1,0,1
370,1,0,-1.208698094683462,1,0,1.3621060167751047,1,0,1
75,3,0,0.733058317374512,0,0,-0.8353581772449665,0,1,0
689,1,1,-2.4206466413340673,0,1,1.6669991542579998,0,1,1
385,2,0,-1.8255821863513604,0,0,1.5740120386877121,0,1,0
794,3,0,0.7235779710614997,0,0,-0.8049662661620149,0,1,0
33,2,0,0.8447109049115308,0,0,-1.3163594260732705,0,1,0
82,3,1,0.7724739788557203,0,0,-0.9736980608250788,0,0,1
372,3,0,0.6067360324467888,0,0,-0.48920538954345155,0,1,0
621,1,0,-0.44919952888173076,1,0,0.8991009156165465,0,1,1
868,3,0,0.7196163304701853,0,0,-0.7925435341463812,0,1,0
677,3,1,0.45232206658091983,0,0,-0.17104743487347673,0,1,1
571,1,1,-0.11787931441425951,2,0,0.5993264862846097,0,1,1
809,1,1,-0.7927719201907871,1,0,1.141072238061152,0,1,1
699,3,0,0.8312949542851535,0,0,-1.2379762573458477,0,1,0
303,2,1,0.6159328855612459,0,0,-0.5110432670826597,0,0,1
620,3,0,0.46729503818247076,1,0,-0.1986308553251856,1,0,0
428,3,0,0.7735392096631345,0,0,-0.9777569163234221,0,0,0
655,2,0,-1.5672368246363806,2,0,1.5005553320288139,0,1,0
195,1,1,-1.3618705303564627,0,0,1.4267019812982085,1,0,1
425,3,0,0.787339763485526,0,0,-1.0322291313425689,0,1,0
853,1,1,-1.332698068711117,0,1,1.415043493043566,0,1,1
287,3,0,0.6795756427041989,0,0,-0.6749126495249343,0,1,0
324,3,0,-1.2740668612935837,8,2,1.3907030895931798,0,1,0
816,3,1,0.6946507147240644,0,0,-0.7176329132839037,0,1,0
628,3,0,0.735258580337342,0,0,-0.8425521235074364,0,1,0
865,2,1,0.7296859304672536,0,0,-0.824436456347347,0,1,1
604,1,0,0.16487718378171798,0,0,0.27137914676219244,1,0,1
786,3,1,0.6152376193934465,0,0,-0.5093780000693047,0,1,1
305,1,0,-2.651191995664264,1,2,1.6758420322334087,0,1,1
57,3,0,0.7796111812690362,0,0,-1.0012779854205915,1,0,0
96,1,0,0.5280280042702798,0,0,-0.31697767019785134,1,0,0
367,3,1,0.7878974015579612,0,0,-1.0345092043439943,1,0,1
353,3,0,0.22864349576488294,1,0,0.18491116527188875,0,1,0
11,1,1,0.5657621696113108,0,0,-0.3965190750861988,0,1,1
335,3,0,0.7693743517902264,0,0,-0.9619972974782922,0,1,0
217,2,0,0.3232626443094403,1,0,0.045583112187796114,0,1,0
321,3,0,0.745767692821128,0,0,-0.8776953040200837,0,1,0
226,2,0,0.4445871066074251,0,0,-0.15702235304081058,0,1,1
638,3,1,-0.11363936350665833,0,5,0.5949682054154017,0,1,0
238,2,0,0.4445871066074251,0,0,-0.15702235304081058,0,1,0
659,1,0,-1.0495120700754483,0,2,1.2857720127243506,1,0,0
884,3,0,0.7552475443641865,0,0,-0.9105931401725161,0,1,0
835,1,1,-1.1604603950499282,1,1,1.3399934262536506,1,0,1
584,3,0,0.7449176880625415,0,0,-0.8748028104399663,1,0,0
665,2,0,-1.2510222281178676,2,0,1.3807992036736683,0,1,0
540,1,1,-1.0620739369569572,0,2,1.292151614772097,0,1,1
508,3,0,0.1024002136863825,0,0,0.35108501965680006,0,1,0
551,2,0,-0.10720554059462362,0,0,0.5883262397599945,0,1,0
431,3,1,0.45844056144287365,1,0,-0.1822487697005725,0,1,1
304,3,0,0.7649019494440212,0,0,-0.9453923259364677,0,1,0
185,1,0,-0.8538708153402145,0,0,1.1780762083247258,0,1,0
797,3,1,0.7569387738394463,0,0,-0.9165907973023805,0,1,1
97,1,0,-1.4574448497985708,0,1,1.4628379426832747,1,0,1
688,3,0,0.5955779240356038,0,0,-0.4632442016590644,0,1,0
861,2,0,0.45119321924067585,1,0,-0.16899123953747056,0,1,0
878,3,0,0.7693743517902264,0,0,-0.9619972974782922,0,1,0
419,3,1,-1.310165785612961,0,2,1.405833899002466,0,1,0
180,3,1,-1.2740668612935837,8,2,1.3907030895931798,0,1,0
727,3,1,0.77389336270011,0,0,-0.979110703888056,0,0,1
232,2,0,0.7992161930707264,0,0,-1.0822915397840307,0,1,0
21,2,0,0.6540553088354412,0,0,-0.6062738416877386,0,1,1
514,3,0,0.7269848043559008,0,0,-0.815777647831825,0,1,0
457,1,1,-0.9028377869849319,1,0,1.206542973868505,0,1,1
774,2,1,0.6040914457398419,1,3,-0.4830004737454468,0,1,1
37,3,0,0.6529664161410229,0,0,-0.6034389816766773,0,1,0
200,3,0,0.7000977078075321,0,0,-0.7335108985706708,0,1,0
536,1,0,0.3948211990823436,0,0,-0.0701788554547675,0,1,0
261,3,0,-2.333926940486342,4,2,1.6598021787718296,0,1,1
487,1,0,0.49746994243497256,0,0,-0.25606534344244886,1,0,0
722,2,0,0.6540553088354412,0,0,-0.6062738416877386,0,1,0
697,3,1,0.774012254283524,0,0,-0.9795656701501568,0,0,1
281,3,0,0.7565816371053651,0,0,-0.9153209011162482,0,1,0
522,3,0,0.7880098397903454,0,0,-1.0349697373948439,1,0,0
565,3,0,-0.1621267395634458,2,0,0.6439356036171384,0,1,0
168,1,0,0.010446284643267483,0,0,0.46043867670762295,0,1,0
319,1,1,-1.6575026347393638,1,1,1.5286168635366968,1,0,1
443,2,1,0.5577350926192672,0,0,-0.37916478933282177,0,1,1
626,2,0,0.8081773349748818,0,0,-1.1223918276601546,0,0,0
758,3,0,0.7931254619854209,0,0,-1.056213163741262,0,1,0
714,2,0,0.7826016153839165,0,0,-1.0131138169562455,0,1,0
18,3,1,0.40735748845252967,1,0,-0.09152640920031595,0,1,0
116,3,0,0.8676191126078288,0,0,-1.486207858151122,0,0,0
819,3,0,-1.4710582422987877,3,2,1.4677323544664906,0,1,0
2,3,1,0.734192897927778,0,0,-0.8390609604369651,0,1,1
227,3,0,0.6851354065810683,0,0,-0.6904664223608449,0,1,0
834,3,0,0.5616459771103725,0,0,-0.3875893098033234,0,1,0
452,1,0,-0.05812723718408612,0,0,0.5364968473190994,1,0,0
403,3,0,0.4267880983875288,1,0,-0.12530526990439633,0,1,0
810,3,0,0.7355609609510184,0,0,-0.8435450721708987,0,1,0
811,3,0,0.35537895233449135,0,0,-0.005148265535099466,0,1,0
418,2,0,0.5952997610704616,0,0,-0.4626042289345302,0,1,0
519,3,0,0.7852348386184732,0,0,-1.0236808643695448,0,1,0
283,3,0,0.6067360324467888,0,0,-0.48920538954345155,0,1,1
51,3,0,0.6660706841017658,0,0,-0.6380499354354268,0,1,0
737,1,0,-2.430056175920311,0,0,1.667652331084636,1,0,1
430,1,0,-0.08823579233324126,0,0,0.5685396818552674,0,1,1
479,3,1,-2.100606641680015,0,1,1.6297960073947013,0,1,1
433,3,0,0.6120997093153027,0,0,-0.501891729630886,0,1,0
709,3,0,0.4958320507655119,1,1,-0.25288125791896404,1,0,1
724,1,0,-1.0584575192734789,1,0,1.290321396673105,0,1,1
649,3,1,0.7112834718007467,0,0,-0.7669144969101672,0,1,1
705,2,0,0.2907502495263205,0,0,0.0950797780054938,0,1,0
354,3,0,0.7880098397903454,0,0,-1.0349697373948439,1,0,0
888,3,1,0.12259844668683618,1,2,0.32582559629415864,0,1,0
549,2,0,-1.9152072397376971,1,1,1.5946697410441013,0,1,1
387,2,1,0.6772141066404894,0,0,-0.6683745254429988,0,1,1
17,2,0,0.590051607355465,0,0,-0.45059378259278887,0,1,1
806,1,0,0.8889468793960225,0,0,-1.874122563694084,0,1,0
800,2,0,0.6540553088354412,0,0,-0.6062738416877386,0,1,0
598,3,0,0.7880098397903454,0,0,-1.0349697373948439,1,0,0
474,3,1,0.5786800384976623,0,0,-0.42497608163168504,0,1,0
700,1,1,-2.3919126473684766,1,0,1.6648499674242216,1,0,1
135,2,0,0.3078360183283148,0,0,0.06929305819250292,1,0,0
493,1,0,0.2488745581952035,0,0,0.15629271318615484,1,0,0
804,3,0,0.7757338983098014,0,0,-0.9861818425215132,0,1,1
644,3,1,-2.5342086194949327,2,1,1.6732184177153335,1,0,1
325,1,1,-1.7590834348962274,0,0,1.5571017883859888,1,0,1
342,2,0,0.5577350926192672,0,0,-0.37916478933282177,0,1,0
881,3,0,0.7911726866815512,0,0,-1.0480357749525346,0,1,0
203,3,0,0.8448743363200386,0,0,-1.3173842912578906,1,0,0
432,2,1,0.35562719138457755,1,0,-0.005547887282882136,0,1,1
886,2,0,0.536338535848456,0,0,-0.33406409937982257,0,1,0
254,3,1,0.5218320006999558,0,2,-0.3043881609929728,0,1,0
802,1,0,-2.347682066892584,1,2,1.6610857296021502,0,1,1
717,2,1,0.6467638033940897,0,0,-0.5874274605310416,0,1,1
123,2,1,0.634197981201273,0,0,-0.5556745181755672,0,1,1
464,3,0,0.7649019494440212,0,0,-0.9453923259364677,0,1,0
660,1,0,-1.4247950182063598,2,0,1.4508443752572242,0,1,1
544,1,0,-1.1582691431080188,1,0,1.338968240868361,1,0,0
100,3,1,0.7552539407264118,0,0,-0.9106157478917407,0,1,0
463,2,0,0.7650915439917679,0,0,-0.9460897804648295,0,1,0
359,3,1,0.7698516887032483,0,0,-0.9637887138358184,0,0,1
404,3,1,0.5955481246302637,0,0,-0.46317562533703255,0,1,0
483,3,1,0.8484053856515307,0,0,-1.3400193690342677,0,1,1
502,3,1,0.7769423219244762,0,0,-0.9908573316945869,0,0,0
247,2,1,0.37575254609954095,0,2,-0.038346524672347324,0,1,1
516,2,1,0.7303583925984951,0,0,-0.8266043236243489,0,1,1
778,3,0,0.77389336270011,0,0,-0.979110703888056,0,0,0
489,3,0,-0.9182967455801627,1,1,1.2153153859384365,0,1,1
754,2,1,-0.5569746339487727,1,2,0.9816396729505085,0,1,1
631,3,0,0.8553567037871168,0,0,-1.387721578361371,0,1,0
670,2,1,-0.12259260912502101,1,1,0.6041538677223991,0,1,1
744,3,0,0.7779693915660536,0,0,-0.9948519894398847,0,1,1
138,3,0,0.4135060228825273,0,0,-0.10212270478634958,0,1,0
547,2,0,0.5546724219585887,0,0,-0.3726074908996121,1,0,1
712,1,0,-0.2569423470741812,1,0,0.7344517142602693,0,1,1
273,1,0,0.10478832379149951,0,1,0.34812298011054094,1,0,0
389,2,1,0.2370302420836834,0,0,0.17312009253344976,1,0,1
703,3,0,0.7295473282904446,0,0,-0.8239902434130258,0,0,0
302,3,0,0.8889468793960225,0,0,-1.874122563694084,0,1,0
286,3,0,0.7227630600057742,0,0,-0.8023979530496153,0,1,1
702,3,1,0.10437015956681556,0,1,0.348642110009182,1,0,0
252,1,0,0.6013704286672411,0,0,-0.47665017683812744,0,1,0
136,1,1,-0.5861651971988379,0,2,1.00289746087868,0,1,1
485,3,1,0.031012549606001288,3,1,0.4367457844161609,0,1,0
822,1,0,0.8889468793960225,0,0,-1.874122563694084,0,1,0
838,3,0,-0.9174141771134466,0,0,1.2148172987991974,0,1,1
208,3,1,0.5327043079851264,0,0,-0.3265634718920344,0,0,1
446,2,1,-0.6971043783271962,0,1,1.0796809488552823,0,1,1
257,1,1,-1.5057200948860614,0,0,1.4799142629015352,0,1,1
708,1,1,-2.161128281080605,0,0,1.6390829400322227,0,1,1
696,3,0,0.8307925216234296,0,0,-1.235233000354794,0,1,0
79,3,1,0.6159374754135243,0,0,-0.5110542683992353,0,1,1
380,1,1,-2.026253699271943,0,0,1.6169263276487613,1,0,1
434,1,0,-0.2982665212797222,1,0,0.7718778235243121,0,1,0
564,3,1,0.7649019494440212,0,0,-0.9453923259364677,0,1,0
477,3,0,0.7882597753211279,1,0,-1.0359944024350187,0,1,0
175,3,0,0.5917030985680488,1,1,-0.45436020115015363,0,1,0
296,3,0,0.7315061895298737,0,0,-0.8303159590468487,1,0,0
451,3,0,0.283043376326374,1,0,0.10655360547303176,0,1,0
736,3,1,0.2229602560970263,1,3,0.19284388215440854,0,1,0
112,3,0,0.6720572272116242,0,0,-0.6542348314403751,0,1,0
721,3,0,0.6169633688446068,1,0,-0.5135158277563322,0,1,0
70,2,0,0.7114197030242005,0,0,-0.7673282247449733,0,1,0
140,3,1,0.4958320507655119,0,2,-0.25288125791896404,1,0,0
715,3,0,0.6311912972019321,0,0,-0.5482071167891372,0,1,0
55,1,0,-0.38737599386980437,0,0,0.8487134814374142,0,1,1
629,3,0,0.774012254283524,0,0,-0.9795656701501568,0,0,0
867,1,0,-0.8093463732340639,0,0,1.1512762998474328,0,1,0
512,1,0,0.20368858467150824,0,0,0.2194055984712963,0,1,1
309,1,1,-1.0123214903371205,0,0,1.266516010298718,1,0,1
49,3,1,-0.14023805870815667,1,0,0.6220650305759267,0,1,0
148,2,0,0.22819279688882507,0,2,0.1855419389204896,0,1,0
106,3,1,0.6738069826116447,0,0,-0.6590116215704567,0,1,1
290,1,1,-1.5574312932132943,0,0,1.4973483952009345,0,1,1
789,1,0,-0.8839519245792856,0,0,1.195686946146114,1,0,0
131,3,0,0.6863569580629559,0,0,-0.6939147378720523,0,1,0
90,3,0,0.7591759041358368,0,0,-0.9245871933622896,0,1,0
351,1,0,-0.368338003181766,0,0,0.8327257950573558,0,1,0
657,3,1,0.5327043079851264,1,1,-0.3265634718920344,0,0,0
499,3,0,0.7147161760513082,0,0,-0.7773921632320334,0,1,0
716,1,1,-2.0860745100916107,0,0,1.6274076945226081,1,0,1
676,3,0,0.7109719362032666,0,0,-0.76596902094639,0,1,0
560,3,0,0.7735392096631345,0,0,-0.9777569163234221,0,0,0
400,3,0,0.8176119349691605,0,0,-1.1671861467134432,0,1,1
832,3,0,0.7878974015579612,0,0,-1.0345092043439943,1,0,0
734,2,0,0.42792270937889354,0,0,-0.12730453717355905,0,1,0
95,3,0,0.7649019494440212,0,0,-0.9453923259364677,0,1,0
743,3,0,0.28504976812238086,1,0,0.1035758141201296,0,1,0
440,2,1,0.4037599475199935,1,1,-0.08536530323384452,0,1,1
93,3,0,0.12020542689278539,1,2,0.3288429806878212,0,1,0
882,3,1,0.5406588519948868,0,0,-0.3430396868682076,0,1,0
1,1,1,-0.9973007367922937,1,0,1.2585808798380365,1,0,1
340,2,0,-2.3996390727882266,1,1,1.6654507788301485,0,1,1
740,1,0,-0.1669938637207546,0,0,0.6487472969459421,0,1,1
26,3,0,0.7880098397903454,0,0,-1.0349697373948439,1,0,0
845,3,0,0.8327570978178921,0,0,-1.2460299232756022,0,1,0
15,2,1,0.7471720585898346,0,0,-0.8824943117992201,0,1,1
375,1,1,-1.4621319665399954,1,0,1.4645301324020161,1,0,1
581,1,1,-1.4910340304041618,1,1,1.4748017677590286,1,0,1
115,3,0,0.659550899337508,0,0,-0.6206934184344779,0,1,0
366,1,1,-0.45231561753334865,1,0,0.9015801665234037,1,0,1
143,3,0,0.683439099325671,0,0,-0.6856965824195743,0,0,0
798,3,0,0.7898307757290985,0,0,-1.0424656752236023,1,0,0
171,3,0,-2.188193909617451,4,1,1.6428933883288337,0,0,0
521,3,0,0.6795756427041989,0,0,-0.6749126495249343,0,1,0
815,1,0,0.8889468793960225,0,0,-1.874122563694084,0,1,0
818,3,0,0.8495408179077987,0,0,-1.3475095044832572,0,1,0
71,3,1,-1.522794672907407,5,2,1.4857682944502149,0,1,0
848,2,0,-0.368434905973071,0,1,0.8328077477813095,0,1,0
272,2,1,0.5436840075293563,0,1,-0.34936322811940557,0,1,1
680,3,1,0.7623335402120872,0,0,-0.9359988534064705,0,0,0
323,2,1,-0.5201337298244431,1,1,0.9541553546277637,0,1,1
399,2,1,0.5730597408388213,0,0,-0.4125129974568969,0,1,1
327,2,1,0.6772141066404894,0,0,-0.6683745254429988,0,1,1
48,3,0,0.20402731680075664,2,0,0.2189431637295717,1,0,0
260,3,0,0.7735392096631345,0,0,-0.9777569163234221,0,0,0
488,3,0,0.7672522445138462,0,0,-0.9540783584588978,0,1,0
498,1,1,-2.0930931593837787,1,2,1.628568870327587,0,1,0
642,3,1,-2.418143794710023,3,2,1.666821212824966,0,1,0
747,2,1,0.5952997610704616,0,0,-0.4626042289345302,0,1,1
801,2,1,0.0453538410872096,1,1,0.4199710427816432,0,1,1
829,1,1,-0.4909800644387405,0,0,0.9318745898134868,0,0,1
358,3,1,0.7698516887032483,0,0,-0.9637887138358184,0,0,1
169,3,0,-1.091158395168585,0,0,1.3066840428943298,0,1,0
770,3,0,0.6389348455293462,0,0,-0.5675395184478711,0,1,0
728,2,0,-0.2041263769742906,1,0,0.6848564470197717,0,1,0
449,1,0,0.3994654130477898,0,0,-0.07804758035899036,0,1,1
653,3,1,0.7712845723462737,0,0,-0.9691890415144918,0,0,1
784,3,0,0.7552475443641865,0,0,-0.9105931401725161,0,1,0
416,2,1,-0.0981142443953569,1,1,0.5788815873263925,0,1,1
690,1,0,-0.9711043791055536,1,0,1.2445216507660992,0,1,1
850,3,0,-2.22095345299831,4,2,1.6472235022253374,0,1,0
663,3,0,0.814161373981685,0,0,-1.1504674532811485,0,1,0
186,3,1,0.4847795907161994,1,0,-0.23159887363562204,0,0,1
345,2,1,0.4590137721528865,0,0,-0.1833030943646085,0,1,1
652,3,0,0.6323876171845902,0,0,-0.5511724353532419,0,1,0
270,1,0,-0.20881101429972668,0,0,0.689337886852022,0,1,0
823,3,1,0.5605066094304164,0,1,-0.3851289995614191,0,1,1
197,3,0,0.8197127167612869,0,1,-1.177569688407199,0,1,0
196,3,0,0.7735392096631345,0,0,-0.9777569163234221,0,0,0
242,2,0,0.6761881424668874,0,0,-0.6655465011516319,0,1,0
164,3,0,-2.583096962437453,4,1,1.6747810562206806,0,1,0
693,3,0,0.748918815996425,0,0,-0.8884987218914588,1,0,0
213,2,0,0.5952997610704616,0,0,-0.4626042289345302,0,1,0
470,3,0,0.787339763485526,0,0,-1.0322291313425689,0,1,0
673,2,0,0.6118219008698528,0,0,-0.5012312583495532,0,1,1
713,3,0,0.7125358151873318,0,0,-0.7707242760075205,0,1,0
466,2,0,0.8889468793960225,0,0,-1.874122563694084,0,1,0
237,2,1,-1.634474575172477,0,2,1.5217064994899658,0,1,1
814,3,0,0.7710151900764416,0,0,-0.968171150435849,0,1,0
841,2,0,0.30498880212107615,0,0,0.07362426732689983,0,1,0
438,1,0,-1.8306501397086954,1,4,1.5752451621508408,0,1,0
785,3,0,0.7480049484156819,0,0,-0.8853524075321406,0,1,0
317,2,0,0.7749594949756845,0,0,-0.9831993692947928,0,1,0
285,3,0,0.7722314258212619,0,0,-0.972776589013302,1,0,0
77,3,0,0.7649019494440212,0,0,-0.9453923259364677,0,1,0
469,3,1,-2.5342086194949327,2,1,1.6732184177153335,1,0,1
543,2,0,0.09151856550028685,1,0,0.3645001778242959,0,1,1
41,2,1,0.13866992500538186,1,0,0.30538503703365755,0,1,0
139,1,0,-1.6398767449129423,0,0,1.5233427898404797,1,0,0
484,1,0,-1.7300299545878022,1,0,1.5492846668406353,1,0,1
601,3,0,0.7693743517902264,0,0,-0.9619972974782922,0,1,0
742,1,1,-2.388645792884347,2,2,1.664590863214244,1,0,1
110,1,0,-0.2845119175246291,0,0,0.7595512498569515,0,1,0
462,1,0,0.08253046338839774,0,0,0.3754811669677806,0,1,0
266,3,0,-1.3410445030335503,4,1,1.4184095026571362,0,1,0
821,3,0,0.7186717284113231,0,0,-0.7896046258799891,0,1,1
5,3,0,0.7527307370577618,0,0,-0.9017416082152983,0,0,0
591,1,1,-0.7017725959269465,1,0,1.08277755645875,1,0,1
862,1,1,0.4609475141847099,0,0,-0.18686617482846596,0,1,1
756,3,0,0.7584362638800437,0,0,-0.9219354153846704,0,1,0
153,3,0,0.6805078656296186,0,2,-0.6775047009857315,0,1,0
455,3,0,0.7638435555740936,0,0,-0.9415091376625903,1,0,1
617,3,1,0.35537895233449096,1,0,-0.005148265535099466,0,1,0
555,1,0,0.6013704286672411,0,0,-0.47665017683812744,0,1,0
755,2,0,-2.508411146876581,1,1,1.6721237073151212,0,1,1
229,3,1,0.031012549606001288,3,1,0.4367457844161609,0,1,0
141,3,1,0.6865962783835333,0,0,-0.6945916429872429,0,1,1
465,3,0,0.8291873000466301,0,0,-1.226549035595427,0,1,0
293,3,1,0.6689830931777979,0,0,-0.645893506899804,0,1,0
298,1,0,-0.18799495280059567,0,0,0.6692987435945061,0,1,1
779,1,1,-1.9626668129017137,0,1,1.6046302174926288,0,1,1
311,1,1,-2.4290352703221125,2,2,1.6675826703027232,1,0,1
624,3,0,0.153822166822379,0,0,0.285827673725765,0,1,0
595,3,0,0.28504976812238086,1,1,0.1035758141201296,0,1,0
137,1,0,-0.6365618568685015,1,0,1.0385494471517502,0,1,0
378,3,0,0.8193595339908618,0,0,-1.1758127748061842,1,0,0
570,2,0,0.8389424439850091,0,0,-1.2813484068532675,0,1,1
369,1,1,-1.5072237385631617,0,0,1.4804336652484233,1,0,1
530,2,1,-2.3996390727882266,1,1,1.6654507788301485,0,1,1
133,2,1,-0.02083560083271078,1,0,0.4956822735030922,0,1,1
538,3,0,0.5278479857509456,0,0,-0.3166101142123895,0,1,0
877,3,0,0.6162462971027246,0,0,-0.5117947157248377,0,1,0
339,1,0,0.12354595051317656,0,0,0.3246290191531621,0,1,0
228,2,0,0.21463163073857078,0,0,0.20438647149138864,0,1,0
456,1,0,0.6244897358837496,0,0,-0.5317366558539302,0,1,0
880,2,1,-0.2041263769742906,0,1,0.6848564470197717,0,1,1
405,2,0,0.3575250778656335,1,0,-0.008607068466306832,0,1,0
361,2,0,-0.09812363534406669,1,0,0.5788913793099358,1,0,0
402,3,1,0.5533203746261859,1,0,-0.3697237689966805,0,1,0
517,3,0,0.09063185001365999,0,0,0.36558748715885675,0,0,0
193,2,0,-2.264550012325627,1,1,1.6525089682486538,0,1,1
750,2,1,-2.0625374034804835,1,1,1.6234087295400494,0,1,1
817,2,0,-0.3855328408493055,1,1,0.8471755334313957,1,0,0
328,3,1,0.296999228332604,1,1,0.08570501583141349,0,1,1
61,1,1,-1.1446160138867374,0,0,1.33253968175568,0,0,1
630,1,0,0.6621666582038161,0,0,-0.6276238097604762,0,1,1
468,3,0,0.7742470529997159,0,0,-0.9804649085539523,0,0,0
820,1,1,-0.9416566787985399,1,1,1.2283790875250082,0,1,1
19,3,1,0.7880098397903454,0,0,-1.0349697373948439,1,0,1
643,3,0,-1.015488500936712,0,0,1.2681774086975828,0,1,1
454,3,0,0.7649019494440212,0,0,-0.9453923259364677,0,1,0
520,1,1,-1.5846435656158613,0,0,1.5061711764924877,0,1,1
646,3,0,0.6162462971027246,0,0,-0.5117947157248377,0,1,0
568,3,0,0.7878974015579612,0,0,-1.0345092043439943,1,0,0
875,3,1,0.536106228107524,0,0,-0.3335832955754001,1,0,1
559,3,1,0.5340137145064816,1,0,-0.3292607605044095,0,1,1
691,3,1,-1.6551881224793843,0,1,1.5279299484282327,1,0,1
836,3,0,0.6198152724470687,0,0,-0.5203863444690929,0,1,0
363,3,0,0.8188173644044822,0,0,-1.173124655131279,0,1,0
92,1,0,-0.5322223429848046,1,0,0.963255518626723,0,1,0
532,3,0,0.6048931129140608,1,1,-0.4848779463859003,1,0,0
729,3,1,0.7224371795684008,1,0,-0.8013727857515286,0,1,0
623,3,0,0.6632517430192597,0,0,-0.630511653861836,0,1,0
683,3,0,-1.6540235907056593,5,2,1.5275836875232183,0,1,0
600,2,1,-0.30650874633888153,2,1,0.7792029454289425,0,1,1
704,3,0,0.7367717349030125,1,0,-0.8475314848327885,0,1,0
253,3,0,0.465561904792068,1,0,-0.19540806793118687,0,1,0
572,1,0,0.19988343416805157,0,0,0.22458963013937555,0,1,1
72,2,0,-1.694322768484327,0,0,1.539316303246077,0,1,0
251,3,1,0.6775727743477957,1,1,-0.6693649476910993,0,1,0
157,3,0,0.7672522445138462,0,0,-0.9540783584588978,0,1,0
291,1,1,-1.9454540945112548,1,0,1.6010954488434392,1,0,1
720,2,1,-2.0356665438258625,0,1,1.6186451405196314,0,1,1
618,2,1,-2.3094112496713395,2,1,1.6573813941605862,0,1,1
730,1,1,-2.1886018507566485,0,0,1.642949206113603,0,1,1
222,3,0,0.8453894546832567,0,0,-1.3206272872364486,0,1,0
781,1,1,-1.6548442372617207,1,0,1.5278277427565172,0,1,1
297,1,1,-2.6258132988834513,1,2,1.6755983476650698,0,1,0
471,3,0,0.7998591454836914,0,0,-1.0850974563524902,0,1,0
16,3,0,-2.4288038590072905,4,1,1.6675668392787897,0,0,0
50,3,0,-2.054147013029048,4,1,1.6219440324478915,0,1,0
53,2,1,-0.02083560083271078,1,0,0.4956822735030922,0,1,1
234,2,0,0.5903193855098827,0,0,-0.45120367540073986,0,1,0
783,3,0,0.12259844668683618,1,2,0.32582559629415864,0,1,0
165,3,0,-1.2424838801561138,0,2,1.377080821491541,0,1,1
331,1,0,0.34568826611676917,0,0,0.010360445189411963,0,1,0
119,3,1,-2.445507482390463,4,2,1.6686707889533623,0,1,0
194,1,1,0.3407370143690244,0,0,0.018216205995739674,1,0,1
872,1,0,0.8487542079298257,0,0,-1.3423089714576366,0,1,0
190,2,1,0.6270384373728946,0,0,-0.5379727529111338,0,1,1
437,2,1,0.13394046391852385,2,3,0.31143225917283546,0,1,1
44,3,1,0.6172640157354048,0,0,-0.5142381987948133,0,0,1
149,2,0,0.7296859304672536,0,0,-0.824436456347347,0,1,0
482,3,0,0.8436631544626434,0,0,-1.3098344006779574,0,1,0
107,3,0,0.7728295172678179,0,0,-0.9750505943340194,0,1,1
322,2,1,0.6207819774412182,0,0,-0.522724515556388,0,0,1
54,1,0,-0.09508246521205312,0,1,0.5757164224792541,1,0,0
535,2,1,-1.7550809794826612,0,2,1.5560404660701088,0,1,1
577,1,1,-0.6348398188041572,1,0,1.0373527339369326,0,1,1
127,3,0,0.7410081302043919,0,0,-0.861614447496818,0,1,1
30,1,0,0.2546618061292074,0,0,0.14799470293903727,1,0,0
833,3,0,0.6978336482255652,0,0,-0.7268813567427188,0,1,0
500,3,0,0.5006953772868697,0,0,-0.26235886065209707,0,1,0
332,1,0,-1.8167145955592396,0,1,1.5718355216883275,0,1,0
769,3,0,0.7732210778144606,0,0,-0.9765426828386754,0,1,0
265,2,0,0.7464764588588123,0,0,-0.8801141616274617,0,1,0
368,3,1,0.7735392096631345,0,0,-0.9777569163234221,0,0,1
401,3,0,0.7295979100108851,0,0,-0.8241530610599713,0,1,0
588,3,0,0.6720572272116242,0,0,-0.6542348314403751,0,1,0
592,3,0,0.8473129067504944,0,0,-1.3329126622105365,0,1,0
812,2,0,0.7387342073920494,0,0,-0.8540289473761354,0,1,0
590,3,0,0.817362232761537,0,0,-1.165962478200873,0,1,0
64,1,0,-0.06904084734541482,0,0,0.5482035192708453,1,0,0
212,3,0,0.7099934960939189,0,0,-0.763005359346508,0,1,0
771,3,0,0.8422013185819308,0,0,-1.3008578576583942,0,1,0
563,3,0,0.7649019494440212,0,0,-0.9453923259364677,0,1,0
211,2,1,0.38137080931449074,0,0,-0.047647193256314946,0,1,1
275,1,1,-0.43410308927869373,1,0,0.887008771437082,0,1,1
271,3,0,0.8889468793960225,0,0,-1.874122563694084,0,1,1
34,1,0,-1.5239958815351946,1,0,1.4861765006895842,1,0,0
12,3,0,0.6313419043545021,0,0,-0.5485800027591646,0,1,0
763,1,1,-1.6493492816063464,1,2,1.526189490699078,0,1,1
381,3,1,-2.4470060363829775,0,2,1.6687659880006573,1,0,1
357,2,1,0.6971958868024493,0,0,-0.7250215900010248,0,1,0
528,3,0,0.8176119349691605,0,0,-1.1671861467134432,0,1,0
602,1,0,-0.6293953943051807,0,0,1.0335592798901523,0,1,0
473,2,1,0.38185702720472164,0,0,-0.04845513049626467,1,0,1
672,2,0,0.8495408179077991,0,0,-1.3475095044832572,0,1,0
552,3,0,0.7712845723462737,0,0,-0.9691890415144918,0,0,0
397,2,0,0.42792270937889354,0,0,-0.12730453717355905,0,1,0
490,3,0,0.283043376326374,1,0,0.10655360547303176,0,1,0
871,1,1,-0.29847236998963816,1,1,0.7720613250887991,0,1,1
678,3,1,-0.265790863450929,1,6,0.7425651486558127,0,1,0
873,3,0,0.8253879465077291,0,0,-1.2064603588409424,0,1,0
843,3,0,0.8285148296014202,0,0,-1.2229466764479617,1,0,0
147,3,1,-1.7706873320378398,2,2,1.5601507221655455,0,1,0
593,3,1,0.7735392096631345,0,2,-0.9777569163234221,0,0,0
610,3,1,0.10584552695703417,1,5,0.3468096254045696,0,1,0
156,3,1,0.5340163321012392,0,0,-0.3292661583929139,0,0,1
733,2,0,0.42792270937889354,0,0,-0.12730453717355905,0,1,0
341,1,1,-2.3491309868006773,3,2,1.6612178123933081,0,1,1
314,2,0,0.3672453799782854,1,1,-0.024384746812755535,0,1,0
83,1,0,-0.8527450756815845,0,0,1.1774094620056827,0,1,0
23,1,0,-0.4670664013561421,0,0,0.9132394289499766,0,1,1
421,3,0,0.6695226680576685,0,0,-0.6473529264519613,0,0,0
150,2,0,0.7861623986853536,0,0,-1.0274364825541138,0,1,0
641,1,1,-1.5072237385631617,0,0,1.4804336652484233,1,0,1
566,3,0,0.6162462971027246,0,0,-0.5117947157248377,0,1,0
686,3,0,-1.4879414710611862,4,1,1.4737160371166185,0,1,0
38,3,1,-0.15426862202521924,2,0,0.6361277279406046,0,1,0
288,2,0,0.7296859304672536,0,0,-0.824436456347347,0,1,1
792,3,1,-1.2740668612935837,8,2,1.3907030895931798,0,1,0
417,2,1,0.21463163073857078,0,2,0.20438647149138864,0,1,1
391,3,0,0.6662886083551802,0,0,-0.6386348797349499,0,1,1
263,1,0,0.8889468793960225,0,0,-1.874122563694084,0,1,0
223,3,0,0.7693743517902264,0,0,-0.9619972974782922,0,1,0
379,3,0,0.6236247673408946,0,0,-0.5296279378319952,0,1,0
151,1,1,-1.5556307719255262,1,0,1.4967561169841948,0,1,1
7,3,0,-2.336317340674018,3,1,1.6600290890216771,0,1,0
711,1,0,-0.017425587170652363,0,0,0.49188584510085165,0,1,0
460,1,0,0.44393583885735044,0,0,-0.1558482739167271,0,1,1
611,3,0,0.7926462091511879,0,0,-1.0541982780874568,0,1,0
759,1,1,-1.4032438618249008,0,0,1.4427291063962007,0,1,1
284,1,0,0.007090730707904077,0,0,0.4642645357281335,0,1,0
529,2,0,0.5129218170076087,2,1,-0.28650087996057716,0,1,0
394,3,1,0.25080578677362797,0,2,0.15352923240882888,0,1,1
523,1,1,-0.5196436516944946,0,1,0.9537847292070721,1,0,1
414,3,0,0.8325421957664312,0,0,-1.244839543476605,0,1,1
612,3,1,0.4847795907161994,1,0,-0.23159887363562204,0,0,1
694,1,0,0.5843104617811784,0,0,-0.43759193686468223,0,1,0
59,3,0,-1.8595032441326682,5,2,1.5821166003963658,0,1,0
0,3,0,0.7099934960939189,1,0,-0.763005359346508,0,1,0
40,3,1,0.7930397408930251,1,0,-1.0558523883551378,0,1,0
13,3,0,0.10584552695703417,1,5,0.3468096254045696,0,1,0
640,3,0,0.6424662766083418,0,0,-0.5764668855108591,0,1,0
496,1,1,-0.650101887262084,1,0,1.0479067519526866,1,0,1
184,3,1,-2.0363666482252056,0,2,1.6187719409926793,0,1,1
177,1,1,0.41589955327766814,0,0,-0.10627059978629282,1,0,0
687,3,0,0.46734139185507856,0,0,-0.1987171602450397,0,1,0
289,3,1,0.6865962783835333,0,0,-0.6945916429872429,0,0,1
398,2,0,0.5672771776663112,0,0,-0.39982226081516614,0,1,0
436,3,1,-0.8159806712648768,2,2,1.1553258277168366,0,1,0
46,3,0,0.4847795907161994,1,0,-0.23159887363562204,0,0,0
567,3,1,0.208462302004218,0,4,0.212874060700842,0,1,0
787,3,0,-1.729417599034846,4,1,1.5491170786471513,0,0,0
684,2,0,0.31352173124304444,1,1,0.060602434592600236,0,1,0
384,3,0,0.7693743517902264,0,0,-0.9619972974782922,0,1,0
667,3,0,0.7728295172678179,0,0,-0.9750505943340194,0,1,0
732,2,0,0.8889468793960225,0,0,-1.874122563694084,0,1,0
243,3,0,0.7156720436075239,0,0,-0.7803295343929746,0,1,0
374,3,1,-2.170861526533851,3,1,1.6404775578345898,0,1,0
301,3,0,0.13175999342335878,2,0,0.3142112220691441,0,0,1
338,3,0,0.8332888502937877,0,0,-1.2489854514889032,0,1,1
605,3,0,0.5969543293404183,1,0,-0.46641599836237946,0,1,0
461,3,0,0.7931254619854209,0,0,-1.056213163741262,0,1,0
828,3,0,0.7735392096631345,0,0,-0.9777569163234221,0,0,1
494,3,0,0.6529664161410229,0,0,-0.6034389816766773,0,1,0
527,1,0,-2.2000675739718116,0,0,1.6444984579162656,0,1,0
669,1,1,-0.9063656930215824,1,0,1.2085539164140946,0,1,1
134,2,0,0.48724013545504774,0,0,-0.23630650462777295,0,1,0
613,3,0,0.7735392096631345,0,0,-0.9777569163234221,0,0,0
126,3,0,0.7735392096631345,0,0,-0.9777569163234221,0,0,0
218,1,1,-1.2951402862706902,0,0,1.3995925232416124,1,0,1
240,3,1,0.5297926538059647,1,0,-0.3205863760069207,1,0,0
825,3,0,0.7952526860674113,0,0,-1.065220467375255,0,0,0
120,2,0,-1.694322768484327,2,0,1.539316303246077,0,1,0
765,1,1,-0.7229122672274869,1,0,1.096668691311076,0,1,1
101,3,0,0.7693743517902264,0,0,-0.9619972974782922,0,1,0
181,2,0,0.5042986219887877,0,0,-0.26942637091221455,1,0,0
844,3,0,0.5006953772868697,0,0,-0.26235886065209707,0,1,0
486,1,1,-1.3818668528121059,1,0,1.4345219872965969,0,1,1
472,2,1,0.05322282202055911,1,2,0.41067652141077493,0,1,1
874,2,1,0.03147655183169769,1,0,0.4362063406191645,1,0,1
426,2,1,-0.06277871106099504,1,0,0.5414992576150025,0,1,1
504,1,1,-2.024980257261026,0,0,1.6166917920810675,0,1,1
113,3,1,0.5240321805132915,1,0,-0.30884426893177525,0,1,0
622,3,0,0.12599924484015776,1,1,0.32152590208836107,1,0,1
578,3,1,0.5296186742375244,1,0,-0.32023012716875326,1,0,0
36,3,0,0.7878974015579612,0,0,-1.0345092043439943,1,0,1
609,1,1,-1.7744558569353528,0,0,1.5611319467196187,0,1,1
842,1,1,-0.1958890533142451,0,0,0.6769366029454201,1,0,1
849,1,1,-1.5465639603155237,1,0,1.4937574908856726,1,0,1
614,3,0,0.7983185478093703,0,0,-1.0783915277378429,0,1,0
450,2,0,0.14813701257591627,1,2,0.2931986602522848,0,1,0
495,3,0,0.5296186742375244,0,0,-0.32023012716875326,1,0,0
650,3,0,0.7693743517902264,0,0,-0.9619972974782922,0,1,0
245,1,0,-1.108452328760537,2,0,1.3151688757306959,0,0,0
84,2,1,0.3575250778656335,0,0,-0.008607068466306832,0,1,1
574,3,0,0.5089347010538674,0,0,-0.27857765541784824,0,1,0
412,1,1,-1.4466610180969735,1,0,1.4589165309225056,0,0,1
777,3,1,-1.3477246674572005,0,0,1.4210859188160907,0,1,1
675,3,0,0.5969543293404183,0,0,-0.46641599836237946,0,1,0
651,2,1,-0.4776712035595314,0,1,0.9215438208452875,0,1,1
268,1,1,-1.413605202905185,0,1,1.4466505739659592,0,1,1
735,3,0,0.4283279433083016,0,0,-0.12801932119508877,0,1,0
648,3,0,0.7791498659614066,0,0,-0.999467310232575,0,1,0
476,2,0,0.3575250778656335,1,0,-0.008607068466306832,0,1,0
406,3,0,0.8485214485987441,0,0,-1.340780067633379,0,1,0
420,3,0,0.7693743517902264,0,0,-0.9619972974782922,1,0,0
639,3,0,0.45844056144287365,1,0,-0.1822487697005725,0,1,0
216,3,1,0.744770286791939,0,0,-0.8743021409266359,0,1,1
308,2,0,0.10845405760924783,1,0,0.343563600586294,1,0,0
392,3,0,0.7543187371053584,2,0,-0.9073163614545743,0,1,0
685,2,0,-0.8374708507560803,1,2,1.1683075988917284,1,0,0
827,2,0,-2.5765958896026646,0,2,1.674611869767691,1,0,1
513,1,1,-0.276914237919362,1,0,0.7526869005250628,1,0,1
413,2,0,0.8889468793960225,0,0,-1.874122563694084,0,1,0
491,3,0,0.6939523601438691,0,0,-0.7156147882998832,0,1,0
88,1,1,-2.362513192985483,3,2,1.6624096184347594,0,1,1
198,3,1,0.7735392096631345,0,0,-0.9777569163234221,0,0,1
706,2,1,0.7387342073920494,0,0,-0.8540289473761354,0,1,1
662,1,0,0.45540633981383644,0,0,-0.17668194032011983,0,1,0
583,1,0,-0.2942310035676786,0,0,0.7682746145663311,1,0,0
607,1,0,-0.3119409575400965,0,0,0.7840058036460769,0,1,1
411,3,0,0.7976151696830889,0,0,-1.0753495572549467,0,0,0
22,3,1,0.467374399123659,0,0,-0.19877861926505086,0,0,1
393,1,1,-1.9640757385186756,1,0,1.6049156467029084,1,0,1
395,3,0,0.6844002560139314,0,0,-0.6883966033769818,0,1,0
870,3,0,0.735258580337342,0,0,-0.8425521235074364,0,1,0
220,3,0,0.5089347010538674,0,0,-0.27857765541784824,0,1,1
526,2,1,0.8129157464931165,0,0,-1.144530214943406,0,1,1
824,3,0,-2.4935508173241963,4,1,1.6714083159936717,0,1,0
569,3,0,0.7862781266877706,0,0,-1.0279062965833783,0,1,1
682,3,0,0.5614751409308123,0,0,-0.38722009749259384,0,1,0
124,1,0,-0.6328459637999867,0,1,1.0359652448655194,0,1,0
885,3,1,0.18097921396557182,0,5,0.25005629126236834,0,0,0
883,2,0,0.6621666582038161,0,0,-0.6276238097604762,0,1,0
739,3,0,0.7693743517902264,0,0,-0.9619972974782922,0,1,0
597,3,0,0.8889468793960225,0,0,-1.874122563694084,0,1,0
761,3,0,0.8363531850200598,0,0,-1.266306273751646,0,1,0
863,3,1,-1.2740668612935837,8,2,1.3907030895931798,0,1,0
480,3,0,-2.001567631750013,5,2,1.61229462941349,0,1,0
188,3,0,0.6483195577417892,1,1,-0.5914219308520166,0,0,0
497,3,0,0.5021405505816078,0,0,-0.26518877451737083,0,1,0
573,3,1,0.7735392096631345,0,0,-0.9777569163234221,0,0,1
68,3,1,0.5553998465785804,4,2,-0.37416177737688144,0,1,1
28,3,1,0.7698516887032483,0,0,-0.9637887138358184,0,0,1
382,3,0,0.7844998059293185,0,0,-1.0207172234548052,0,1,0
320,3,0,0.7099934960939189,0,0,-0.763005359346508,0,1,0
146,3,0,0.7491621042797472,0,0,-0.8893381646369125,0,1,1
539,1,1,-1.2262456826599275,0,2,1.3699358549989418,1,0,1
537,1,1,-1.70645397980699,0,0,1.5427478083331332,1,0,1
214,3,0,0.7735392096631345,1,0,-0.9777569163234221,0,0,0
664,3,0,0.6384624787797865,1,0,-0.5663507267445079,0,1,1
56,2,1,0.5129218170076087,0,0,-0.28650087996057716,0,1,1
840,3,0,0.6384624787797865,0,0,-0.5663507267445079,0,1,0
854,2,1,0.3936004791241154,1,0,-0.0681182400103188,0,1,0
746,3,0,-0.4646705781476592,1,1,0.911354328779968,0,1,0
710,1,1,-1.1190186303035605,0,0,1.3202961003523184,1,0,1
32,3,1,0.7735392096631345,0,0,-0.9777569163234221,0,0,1
215,1,1,-1.7326374792700356,1,0,1.5499969790090056,1,0,1
448,3,1,-1.7777544024709824,2,1,1.5619872013096783,1,0,1
507,1,0,-0.017425587170652363,0,0,0.49188584510085165,0,1,1
534,3,1,0.7491469038221121,0,0,-0.8892856942201779,0,1,0
826,3,0,-1.015488500936712,0,0,1.2681774086975828,0,1,0
545,1,0,0.6270384373728946,0,0,-0.5379727529111338,0,1,0
122,2,0,-0.05846008282321031,1,0,0.5368554458476138,1,0,0
179,3,0,0.8889468793960225,0,0,-1.874122563694084,0,1,0
4,3,0,0.7983185478093703,0,0,-1.0783915277378429,0,1,0
365,3,0,0.7892833481767441,0,0,-1.0402046745395852,0,1,0
162,3,0,0.7396359622812864,0,0,-0.8570297069145987,0,1,0
201,3,0,-1.2740668612935837,8,2,1.3907030895931798,0,1,0
118,1,0,-2.3290718911079398,0,1,1.6593363203196607,1,0,0
236,2,0,0.3936004791241154,1,0,-0.0681182400103188,0,1,0
67,3,0,0.5999969357462872,0,0,-0.473457654032806,0,1,0
481,2,0,0.8889468793960225,0,0,-1.874122563694084,0,1,0
719,3,0,0.7940239363928974,0,0,-1.060004743020119,0,1,0
632,1,0,-0.09456597016989243,0,0,0.57517642438089,1,0,1
857,1,0,0.48647911369310354,0,0,-0.23484864570682448,0,1,1
256,1,1,-1.4222285983576424,0,0,1.4498862882683095,1,0,1
879,1,1,-0.6833245417799728,0,1,1.0704783805021567,1,0,1
511,3,0,0.7649019494440212,0,0,-0.9453923259364677,0,1,0
329,1,1,-1.7253224725485894,0,1,1.5479933238708583,1,0,1
167,3,1,0.3543362135650085,1,4,-0.003470927155837921,0,1,0
575,3,0,0.15861232423130453,0,0,0.27958592467640414,0,1,0
510,3,0,0.7681909795090766,0,0,-0.9575723381027984,0,0,1
58,2,1,-2.0412253223490753,1,2,1.6196479605678518,0,1,1
352,3,0,0.5357549050173068,1,1,-0.3328565185247117,1,0,0
636,3,0,0.7844998059293185,0,0,-1.0207172234548052,0,1,0
78,2,0,-2.57091531790095,0,2,1.674454343678595,0,1,1
356,1,1,-1.350008987940029,0,1,1.4219975501022077,0,1,1
582,2,0,0.536338535848456,0,0,-0.33406409937982257,0,1,0
548,3,0,0.3516651904266689,1,1,0.0008161792168997155,0,1,0
775,3,0,0.598606089440706,0,0,-0.47023355376741777,0,1,0
24,3,1,-1.408786684911176,3,1,1.4448314779024394,0,1,0
634,3,1,-1.5793432549920317,3,2,1.5044715876387693,0,1,0
130,3,0,0.7911726866815512,0,0,-1.0480357749525346,1,0,0
307,1,1,-2.123453056552014,1,0,1.6334265303313362,1,0,1
364,3,0,0.4847795907161994,1,0,-0.23159887363562204,0,0,0
87,3,0,0.7649019494440212,0,0,-0.9453923259364677,0,1,0
102,1,0,-1.7388984774555807,0,1,1.55169867559033,0,1,0
117,2,0,0.2120062326416285,1,0,0.2080048690682304,0,1,0
89,3,0,0.7040526031297893,0,0,-0.7451957047888422,0,1,0
752,3,0,0.7499405681577729,0,0,-0.892029402447373,0,1,0
65,3,0,0.4958320507655119,1,1,-0.25288125791896404,1,0,1
423,3,1,0.4946165453377144,1,1,-0.25052339507441135,0,1,0
698,1,0,-1.2331545768991725,1,1,1.3729876176927354,1,0,0
160,3,0,0.6720572272116242,0,1,-0.6542348314403751,0,1,0
10,3,1,-1.6507799052911745,1,1,1.4234147272521915,0,1,1
553,3,0,0.8016258445007396,0,0,-0.8925429824597437,1,0,1
444,3,0,0.8514889267395556,0,0,-1.0626477807333696,0,1,1
738,3,0,0.8575421613875925,0,0,-1.0856785061132779,0,1,0
176,3,0,0.14863423555725033,3,1,0.29590660369090593,0,1,0
299,1,1,-1.7702245757594046,0,1,1.4504438509627673,1,0,1
579,3,0,0.8720642483770145,0,0,-1.1436781319402571,0,1,1
276,3,1,0.9227311444929789,0,0,-1.3914822073153623,0,1,0
625,1,0,0.5743900946397479,0,0,-0.34491623787203,0,1,0
241,3,1,0.5843001258728243,1,0,-0.36423966600924235,0,0,1
111,3,1,-0.02543400691993693,1,0,0.48891766279165566,1,0,0
509,3,0,-1.0176895646111694,0,0,1.198735705981625,0,1,1
315,3,1,0.8262400904438014,0,0,-0.9726168120969092,0,1,1
81,3,0,0.8024176718440617,0,0,-0.8950183872163389,0,1,1
231,3,0,0.8556946956634522,0,0,-1.0785830231692473,0,1,0
725,3,0,0.6906500093472879,0,0,-0.5929757334607144,0,1,0
52,1,1,-0.6067873535006232,1,0,0.9686594442338551,1,0,1
277,2,0,0.972344839804273,0,0,-1.9866149985913197,0,1,0
542,3,1,-1.312703822079771,4,2,1.3212316554745072,0,1,0
803,3,0,-2.2788976889784864,0,1,1.5156117831753622,1,0,1
313,3,0,0.843985025455711,0,0,-1.0349272389604145,0,1,0
159,3,0,-1.1043844545860302,8,2,1.2381619937489832,0,1,0
726,2,1,0.3541760569223007,3,0,0.024220864467855648,0,1,1
170,1,0,0.5500798649226073,0,0,-0.2987096868480742,0,1,0
166,1,1,-0.822514704260848,0,1,1.0987788629382682,0,1,1
587,1,0,-0.38233465650408516,1,1,0.8083749313062615,1,0,1
856,1,1,-1.5468799254408727,1,1,1.3961233527209553,0,1,1
47,3,1,0.8615408795598047,0,0,-1.1012448063255593,0,0,1
20,2,0,0.2977921434648678,0,0,0.10438487206951884,0,1,0
154,3,0,0.8731744796500016,0,0,-1.1482882538288337,0,1,0
890,3,0,0.8762613179710196,0,0,-1.161249600069463,0,0,0
851,3,0,0.95362444272405,0,0,-1.6202142109928468,0,1,0
205,3,1,-1.805258008261861,0,1,1.4575053754272151,0,1,0
259,2,1,0.5866625174023831,0,1,-0.36888954986954314,0,1,1
346,2,1,0.8048970789928273,0,0,-0.902809993541699,0,1,1
515,1,0,0.32279097027618486,0,0,0.06942908643346521,0,1,0
109,3,1,0.2058752716813051,1,0,0.22562118444396392,0,0,1
501,3,1,0.7608455416809717,0,0,-0.7725904504856607,0,0,0
94,3,0,0.9468153164737193,0,0,-1.5589503676962992,0,1,0
453,1,0,-0.799515406224357,1,0,1.0859274720877325,1,0,1
603,3,0,0.9165103085153992,0,0,-1.3555625065758736,0,1,0
74,3,0,-0.7619589474213438,0,0,1.0644337424835828,0,1,1
745,1,0,-0.046465783984083645,1,1,0.5103647968942268,0,1,0
318,1,1,-1.8154035346252921,0,2,1.4594777362369262,0,1,1
39,3,1,0.21910790704162514,1,0,0.2088295815117568,1,0,1
753,3,0,0.7870619551984065,0,0,-0.8480760713433375,0,1,0
707,1,0,0.4513840441345047,0,0,-0.12627482169818585,0,1,1
492,1,0,0.5432846705259253,0,0,-0.2860838701476352,0,1,0
766,1,0,-0.39556572365812637,0,0,0.8186012658985772,1,0,0
182,3,0,-1.5047641602443893,4,2,1.3840389138599285,0,1,0
550,1,0,-1.9291034290058824,0,2,1.4793699405564829,1,0,1
633,1,0,0.972344839804273,0,0,-1.9866149985913197,0,1,0
158,3,0,0.8355500380181579,0,0,-1.004772924239913,0,1,0
580,2,1,-0.2581089679698095,1,1,0.7071397264807348,0,1,1
645,1,0,-0.6337057196749675,1,0,0.9861057298798654,1,0,1
9,2,1,-1.003999252229522,1,0,1.1922377828061335,1,0,1
409,3,1,0.14863423555725033,3,1,0.29590660369090593,0,1,0
637,2,0,0.16240344079998728,1,1,0.27933763290345237,0,1,0
246,3,1,0.8180724115723531,0,0,-0.9452954396905439,0,1,0
757,2,0,0.4344165623455653,0,0,-0.09876224361130179,0,1,0
312,2,1,-0.02925591353761354,1,1,0.49284278725658526,0,1,0
458,2,1,0.8993466530545173,0,0,-1.2659723456919938,0,1,1
608,2,1,-0.8480190983727479,1,2,1.1127579105858838,1,0,1
155,1,0,-0.26188781603879724,0,1,0.710363984283058,1,0,0
807,3,1,0.6920001193630275,0,0,-0.596176357778346,0,1,0
837,3,0,0.8532481669510602,0,0,-1.069277222898468,0,1,0
503,3,1,0.8630151670952996,0,0,-1.1070582749773918,0,1,0
599,1,0,-0.21649922839068617,1,0,0.6710045143864409,1,0,1
429,3,0,0.8690189461348141,0,0,-1.1311681276199859,0,1,1
85,3,1,0.6352208149031385,3,0,-0.46847252579130155,0,1,1
294,3,0,0.8010644056998549,0,0,-0.8907915691622273,0,1,0
282,3,0,0.49309306772478595,0,0,-0.19641962407711464,0,1,0
230,1,1,-1.1250343702984194,1,0,1.247121752295622,0,1,1
795,2,0,0.7968581981542897,0,0,-0.8777677672919135,0,1,0
73,3,0,0.5415269202577732,1,0,-0.28283775101691067,1,0,0
585,1,1,-1.6935341876016052,0,2,1.4336181493250282,0,1,1
773,3,0,0.8754342640206381,0,0,-1.1577558144623146,1,0,0
279,3,1,0.5126283408340692,1,1,-0.2305945661771728,0,1,1
202,3,0,0.9115918049854371,0,0,-1.328592816351374,0,1,0
748,1,0,-1.2952511733910324,1,0,1.3148829174054404,0,1,0
661,3,0,0.917889563941766,0,0,-1.3633421952110498,1,0,0
347,3,1,0.5590117827390075,1,0,-0.3154949253585085,0,1,1
144,2,0,0.4344165623455653,0,0,-0.09876224361130179,0,1,0
350,3,0,0.7265670794987055,0,0,-0.6812910033204052,0,1,0
348,3,0,-1.813298696769013,1,1,1.4590712160881008,0,1,1
407,2,0,-1.907057257072973,1,1,1.475828620970773,0,1,1
128,3,1,0.28469723741909475,1,1,0.12233988747436118,1,0,1
541,3,1,-1.5016324941048513,4,2,1.3831164955226607,0,1,0
355,3,0,0.791029021286115,0,0,-0.8599948830021619,0,1,0
373,1,0,-1.8998108664538758,0,0,1.4746315885057566,1,0,0
586,2,0,0.8104545444288557,0,0,-0.9205033501397248,0,1,0
191,2,0,0.37495177128475876,0,0,-0.0065605452763446035,0,1,0
847,3,0,0.8885129471580204,0,0,-1.2149645611610005,1,0,0
475,1,0,-0.7513511966981031,0,0,1.0582471911774292,0,1,0
415,3,1,0.8532481669510602,0,0,-1.069277222898468,0,1,0
132,3,1,0.8203707087330419,1,0,-0.9529035081583265,0,1,0
866,2,1,0.5950000407077162,1,0,-0.3854374675771653,1,0,1
531,3,0,0.8753263110443766,0,0,-1.15730093063564,1,0,0
782,1,0,-0.07058165329679641,0,0,0.534505395612343,0,1,0
647,1,0,0.4408985396567556,0,0,-0.1092060706308575,1,0,1
869,3,0,-1.291066604394046,1,1,1.3133444602526458,0,1,1
264,3,1,0.8615408795598047,0,0,-1.1012448063255593,0,0,0
594,2,0,0.3506188260512932,1,0,0.02942158284270973,0,1,0
125,3,0,0.048310043436323453,1,0,0.41067064122758795,1,0,1
86,3,0,-1.0042881536024129,1,3,1.1923756834084671,0,1,0
60,3,0,0.8014419395115185,0,0,-0.8919689472619102,1,0,0
221,2,0,0.63380234110604,0,0,-0.46544798081225636,0,1,0
447,1,0,0.24793692992909963,0,0,0.17149925030146954,0,1,1
207,3,0,0.3244365655515613,0,0,0.06709596030715656,1,0,1
189,3,0,0.8929469143052318,0,0,-1.2354021179665282,0,1,0
627,1,1,-1.5578648637989905,0,0,1.3991776436417185,0,1,1
29,3,0,0.8575421613875925,0,0,-1.0856785061132779,0,1,0
371,3,0,0.7692979631131179,1,0,-0.7963383634926245,0,1,0
209,1,0,0.2556316209704258,0,0,0.16135702722630285,1,0,1
424,3,0,-0.1730713275596845,1,1,0.632017472332111,0,1,0
145,2,0,-0.876817385052058,1,1,1.128203021398584,0,1,0
396,3,1,0.8676034461904855,0,0,-1.1254190160137842,0,1,0
855,3,1,0.5873523146691899,0,1,-0.3702504824139015,0,1,1
767,3,1,0.8670210461929982,0,0,-1.1230653963174004,0,0,0
654,3,1,0.7546110733104837,0,0,-0.7554066801260907,0,0,0
768,3,0,0.2058752716813051,1,0,0.22562118444396392,0,0,0
377,1,0,-2.0142936481464546,0,2,1.4916398699050086,1,0,0
43,2,1,-2.20123894500852,1,2,1.5107762287315916,1,0,1
852,3,1,-0.7089149031448504,1,1,1.032979272589137,1,0,0
255,3,1,0.5795484852486988,0,2,-0.35493805548573604,1,0,1
887,1,1,-0.6176277366762638,0,0,0.9757285826720364,0,1,1
6,1,0,0.019065483543899,0,0,0.4422842801877383,0,1,0
62,1,0,-0.8246135586935355,1,0,1.0999400100981886,0,1,0
233,3,1,-1.9093653612077242,4,2,1.476206462260269,0,1,1
114,3,1,0.15762603876843923,0,0,0.2851100811687017,1,0,0
562,2,0,0.6330055956296707,0,0,-0.46375236182640234,0,1,0
596,2,1,-0.15972702425621044,0,0,0.6197678133285328,0,1,1
741,1,0,-1.0270611015579387,1,0,1.203140528872647,0,1,0
788,3,0,-2.2813244615522703,1,2,1.5157336108488235,0,1,1
606,3,0,0.8597214846565474,0,0,-1.0941262261720863,0,1,0
679,1,0,-2.2076333972488467,0,1,1.5112431316867767,1,0,1
8,3,1,0.7141224537611492,0,2,-0.6499156157321861,0,1,1
760,3,0,0.6256504862281478,0,0,-0.44820809857354776,0,1,0
199,2,1,0.5595621275893192,0,0,-0.31653631693040357,0,1,0
561,3,0,0.9076071533630743,0,0,-1.3075560914472655,0,1,0
267,3,0,0.8180724115723531,1,0,-0.9452954396905439,0,1,1
749,3,0,0.8702417782568228,0,0,-1.136167994204333,0,0,0
35,1,0,-0.2986229041343786,1,0,0.741222391047508,0,1,0
772,2,1,0.9157600583548041,0,0,-1.3513720505376166,0,1,0
173,3,0,0.7520996592761973,0,0,-0.7485613018825414,0,1,0
235,3,1,0.8669277220362018,0,0,-1.1226888851854486,0,1,0
206,3,0,0.6170438567147944,1,0,-0.430262384143595,0,1,0
103,3,0,0.8604894858253089,0,0,-1.097123688434632,0,1,0
554,3,1,0.7769163174515172,0,0,-0.8182114595275213,0,1,1
343,2,0,0.5866625174023831,0,0,-0.36888954986954314,0,1,0
839,1,0,-0.02929183350199767,0,0,0.49287961845386746,1,0,1
790,3,0,0.8615408795598047,0,0,-1.1012448063255593,0,0,0
668,3,0,0.9139500740382417,0,0,-1.3413783333158615,0,1,0
558,1,1,-0.9435094285303789,1,1,1.1626176918159432,0,1,1
63,3,0,-1.9620198730844345,3,2,1.4843766480318676,0,1,0
441,3,0,0.6415849645968065,0,0,-0.4821346460379131,0,1,0
731,3,0,-0.7194980604907634,0,0,1.0393591365405421,1,0,0
316,2,1,-0.12783389691435101,1,0,0.5899606620072892,0,1,1
330,3,1,0.24536277868880849,2,0,0.174875136964563,0,0,1
831,2,0,-2.2961043490489086,1,1,1.516437327528147,0,1,1
292,2,0,0.7726146745595935,0,0,-0.8058048373157366,1,0,0
505,1,0,-1.8896644426442304,1,0,1.4729279864007236,1,0,0
274,3,1,0.8615408795598047,0,0,-1.1012448063255593,0,0,1
27,1,0,-2.2009271664275967,3,2,1.5107531477516911,0,1,0
506,2,1,0.23879524256402215,0,2,0.18344983676809185,0,1,1
178,2,0,0.6904115532198035,0,0,-0.5924113462106815,0,1,0
376,3,1,0.8005300582138193,0,0,-0.8891275438582283,0,1,1
278,3,0,-1.648194070462752,4,1,1.4227785537839504,0,0,0
31,1,1,-1.7679952778676984,1,0,1.4499813034324351,1,0,1
445,1,0,-2.2804308169689214,0,2,1.515688954676416,0,1,1
336,1,0,-1.0820975602642087,1,0,1.2283074792429434,0,1,0
762,3,0,0.7686996735691942,0,0,-0.7946397776378948,1,0,1
76,3,0,0.8575421613875925,0,0,-1.0856785061132779,0,1,0
718,3,0,0.5843001258728243,0,0,-0.36423966600924235,0,0,0
360,3,0,0.3574663328833899,1,4,0.019392529961855476,0,1,0
333,3,0,-0.1754230506187706,2,0,0.6341629429181653,0,1,0
362,3,1,0.8085104466985461,0,1,-0.9142772630810487,1,0,0
99,2,0,0.26911466519212457,1,0,0.14339837251961499,0,1,0
183,2,0,-2.359678772867814,2,1,1.5187157076126114,0,1,1
